,Feature,K,p
0,chroma 0 mean,1.37201679406221,0.24173551772590887
1,chroma 0 std,1.4941756943050275,0.2218482656204175
2,chroma 1 mean,5.541786872150242,0.018753910585103204
3,chroma 1 std,95.81971367678806,1.0649496413495896e-21
4,chroma 2 mean,203.11437438382663,3.2811444955786387e-42
5,chroma 2 std,127.44977764415559,5.928734872376243e-28
6,chroma 3 mean,0.02197756212087771,0.8821757097229905
7,chroma 3 std,44.486059764883684,4.1650774386744515e-11
8,chroma 4 mean,34.30446069515218,6.32704417286108e-09
9,chroma 4 std,33.65397700855155,8.745161005177959e-09
10,chroma 5 mean,231.05432000362376,3.0101746847142127e-47
11,chroma 5 std,287.15239436269195,4.999876360488573e-57
12,chroma 6 mean,144.38809206280095,3.1517038870508494e-31
13,chroma 6 std,63.11170546495248,5.075266621819117e-15
14,chroma 7 mean,78.65458456913592,3.186823547310122e-18
15,chroma 7 std,129.68808485536982,2.174529870003893e-28
16,chroma 8 mean,114.61039772133576,1.9460598679699734e-25
17,chroma 8 std,133.104516624834,4.7229510628601615e-29
18,chroma 9 mean,75.91284357284343,1.1595700742591434e-17
19,chroma 9 std,76.04132878853025,1.0913738006882358e-17
20,chroma 10 mean,103.93697477291099,2.5361701403622478e-23
21,chroma 10 std,124.80535206648977,1.9442452753901988e-27
22,chroma 11 mean,98.23693190047692,3.4883980807306658e-22
23,chroma 11 std,110.49805254837966,1.2632825077838468e-24
24,mfccs 0 mean,377.342074607432,6.715947780609195e-72
25,mfccs 0 std,169.08061509651563,6.499678585454665e-36
26,mfccs 1 mean,1130.930546286381,4.147470944911386e-168
27,mfccs 1 std,263.1959029087155,6.645782549678069e-53
28,mfccs 2 mean,821.8756370963358,1.7309032127603519e-133
29,mfccs 2 std,1243.0448519127108,1.8692964077079255e-179
30,mfccs 3 mean,1329.0768458673608,8.675327609503814e-188
31,mfccs 3 std,1469.5449877019057,9.203295618593423e-201
32,mfccs 4 mean,73.67976633926897,3.32948382126084e-17
33,mfccs 4 std,1131.0164682739014,4.0631653789774724e-168
34,mfccs 5 mean,1395.9594231283734,4.6457125933380763e-194
35,mfccs 5 std,161.94094202396735,1.43648397860666e-34
36,mfccs 6 mean,0.029630897370844997,0.8633640787486792
37,mfccs 6 std,102.04365422815357,6.048165154642968e-23
38,mfccs 7 mean,196.52170989626077,5.268614398964936e-41
39,mfccs 7 std,13.207729551058625,0.00029251127630968153
40,mfccs 8 mean,350.4977128637568,1.4147489559983367e-67
41,mfccs 8 std,626.467552093335,1.7929027280207046e-108
42,mfccs 9 mean,153.09763278666873,6.826164616268974e-33
43,mfccs 9 std,2.6115320295958755,0.10639427046287032
44,mfccs 10 mean,69.13033841715537,2.877683516788907e-16
45,mfccs 10 std,205.74831751639235,1.0868668946747092e-42
46,mfccs 11 mean,109.26233677352587,2.2193306427029976e-24
47,mfccs 11 std,2.9876798919499827,0.08419882108832993
48,mfccs 12 mean,121.64349338118502,8.074627327914457e-27
49,mfccs 12 std,205.23587596204774,1.3472562138562162e-42
50,cent mean,52.646201782475096,7.827007760334415e-13
51,cent std,744.6948553651615,6.133744091379902e-124
52,cent skew,101.91473012702427,6.417275564486329e-23
53,flat mean,1357.1995639547195,1.905373779327617e-190
54,flat std,1209.062279943643,4.4726317481443574e-176
55,flat skew,1398.7767761309042,2.550890625431537e-194
56,rolloff mean,91.36838559674383,8.374446264229753e-21
57,rolloff std,1090.6166534949846,6.950891028793742e-164
58,rolloff skew,146.58133339844164,1.1973107480702532e-31
59,contrast 0 mean,0.07569458759776414,0.7832740228796179
60,contrast 0 std,133.42125807801332,4.100497259589882e-29
61,contrast 1 mean,130.14188925274195,1.7748415306634274e-28
62,contrast 1 std,183.06776320872075,1.5957977145363707e-38
63,contrast 2 mean,54.81568763748861,2.739883358577949e-13
64,contrast 2 std,137.4411015485913,6.845733828302911e-30
65,contrast 3 mean,1578.3650439018702,2.5370249692237637e-210
66,contrast 3 std,19.59770275655903,1.0573403314976545e-05
67,contrast 4 mean,314.6508257369617,1.1436907455734967e-61
68,contrast 4 std,216.7242302955184,1.1163862242895447e-44
69,contrast 5 mean,208.78554744894396,3.048996664190675e-43
70,contrast 5 std,170.33782549045176,3.775882586675717e-36
71,contrast 6 mean,37.4072352655096,1.3576121139268438e-09
72,contrast 6 std,216.01097131645665,1.5013463118600131e-44
73,zrate mean,321.9167845875234,7.048907006713549e-63
74,zrate std,214.57720766502524,2.7248893278862553e-44
75,zrate skew,250.66109117838664,1.0259841907463087e-50
76,tempo,1.8879011431526396,0.16973660763856227
77,band_chroma 0 mean,20.213993939981595,7.706705736403794e-06
78,band_chroma 0 std,30.69145012857821,3.836910456416348e-08
79,band_chroma 1 mean,49.86347488854568,3.020886832692468e-12
80,band_chroma 1 std,187.59759277440415,2.3141959076009618e-39
81,band_chroma 2 mean,234.71669888994185,6.710407965834658e-48
82,band_chroma 2 std,123.14988529817377,4.0953219832172964e-27
83,band_chroma 3 mean,1.2550404501537094,0.2628520949883768
84,band_chroma 3 std,27.429728198368714,1.973236925781023e-07
85,band_chroma 4 mean,11.331059070816659,0.0007902558106809587
86,band_chroma 4 std,0.7221582402471176,0.3956335952007072
87,band_chroma 5 mean,243.22069360131033,2.0920279751157754e-49
88,band_chroma 5 std,281.5446890648143,4.543056635857181e-56
89,band_chroma 6 mean,32.189314162392265,1.814900342375054e-08
90,band_chroma 6 std,0.7170968473440739,0.39729379546030197
91,band_chroma 7 mean,2.7517758681904025,0.09744974422038469
92,band_chroma 7 std,32.582401946821,1.4916722973412395e-08
93,band_chroma 8 mean,22.048529761293707,3.0162166076651862e-06
94,band_chroma 8 std,10.941090638282345,0.0009729471928408202
95,band_chroma 9 mean,2.2294353946121768,0.1357083771608616
96,band_chroma 9 std,0.18790609494188054,0.6647555167451428
97,band_chroma 10 mean,2.2309886064541016,0.13557234800861367
98,band_chroma 10 std,10.444364891101593,0.0012690916754467833
99,band_chroma 11 mean,6.847247219789175,0.009007305509630425
100,band_chroma 11 std,18.39425290243729,1.9641376795381646e-05
101,band_mfccs 0 mean,368.8078617224859,1.5579735006043506e-70
102,band_mfccs 0 std,33.227576745609994,1.0814238127774531e-08
103,band_mfccs 1 mean,658.3638293340368,9.436055588288554e-113
104,band_mfccs 1 std,295.26281723216323,2.0899006394552857e-58
105,band_mfccs 2 mean,7.788857975963058,0.0053536771435499534
106,band_mfccs 2 std,109.56805767788575,1.930412403584272e-24
107,band_mfccs 3 mean,0.6353512819484567,0.4255821845932891
108,band_mfccs 3 std,122.7739367451158,4.850996244374142e-27
109,band_mfccs 4 mean,36.60404523535366,2.020620930808159e-09
110,band_mfccs 4 std,4.592793826996906,0.032339490384669545
111,band_mfccs 5 mean,9.764324260962988,0.0018288803441910764
112,band_mfccs 5 std,114.16803442256075,2.378964900204924e-25
113,band_mfccs 6 mean,318.0152080372685,3.1414669089871923e-62
114,band_mfccs 6 std,48.0612249053596,7.2632323491551094e-12
115,band_mfccs 7 mean,1.0822545858837365,0.29843692456838644
116,band_mfccs 7 std,18.52407538449172,1.836994966538269e-05
117,band_mfccs 8 mean,46.26727561794476,1.742890509415709e-11
118,band_mfccs 8 std,189.74164849580103,9.302626018462608e-40
119,band_mfccs 9 mean,89.18220537473111,2.3135929280133828e-20
120,band_mfccs 9 std,2.8535179969594333,0.09147570374265356
121,band_mfccs 10 mean,7.919624630703942,0.004982889981341062
122,band_mfccs 10 std,1.2856032061445348,0.2571226144324764
123,band_mfccs 11 mean,1.2692086079362035,0.2601765837509711
124,band_mfccs 11 std,1.1311828506973869,0.2877714911319397
125,band_mfccs 12 mean,10.113196697811174,0.0015158915652381405
126,band_mfccs 12 std,5.54402606627147,0.018730062423657167
127,band_cent mean,161.08943736346308,2.080648281548459e-34
128,band_cent std,19.055349509176967,1.3973240267231466e-05
129,band_cent skew,4.6628765832118315,0.031050905943166878
130,band_flat mean,35.757078217198405,3.0750139209272358e-09
131,band_flat std,4.599989236154051,0.03220465391309196
132,band_flat skew,34.585101416495164,5.503045981255478e-09
133,band_rolloff mean,213.9359237708084,3.5582160986288503e-44
134,band_rolloff std,17.537646468645285,3.0567789234769085e-05
135,band_rolloff skew,0.027769214181854313,0.8676851320999895
136,band_contrast 0 mean,28.071331107331513,1.4286246917828702e-07
137,band_contrast 0 std,85.6557801281028,1.1973908107945585e-19
138,band_contrast 1 mean,93.23724841497224,3.5192421573013364e-21
139,band_contrast 1 std,587.0680832431798,4.51092454314077e-103
140,band_contrast 2 mean,17.43240571734099,3.227776171982923e-05
141,band_contrast 2 std,315.1269504371449,9.523691002035865e-62
142,band_contrast 3 mean,113.64200892667654,3.0210998998037034e-25
143,band_contrast 3 std,2.8501190981939635,0.0916687103875331
144,band_contrast 4 mean,226.5610193808231,1.909710789327072e-46
145,band_contrast 4 std,326.556723756798,1.1987963096547657e-63
146,band_contrast 5 mean,201.1511540837748,7.488023253815705e-42
147,band_contrast 5 std,148.25008923034366,5.740338145379855e-32
148,band_contrast 6 mean,46.15996725967682,1.836698319312841e-11
149,band_contrast 6 std,26.46052020220581,3.216728523625735e-07
150,band_zrate mean,57.091992279379156,9.135290755832105e-14
151,band_zrate std,4.61249255189683,0.03197174738373009
152,band_zrate skew,31.39061614767788,2.7046389411408843e-08
153,band_tempo,10.291152667027259,0.0013777590335260748
154,band_lowlevel.average_loudness,132.26214234063798,6.879101039008229e-29
155,band_lowlevel.barkbands_crest.dmean,4.289145384725377,0.038604086058698105
156,band_lowlevel.barkbands_crest.dmean2,5.070722893690734,0.02454243643429186
157,band_lowlevel.barkbands_crest.dvar,14.719856886593014,0.0001322806993681553
158,band_lowlevel.barkbands_crest.dvar2,17.16705536490145,3.702937799851471e-05
159,band_lowlevel.barkbands_crest.kurt,2.5288589080204673,0.1120867021505042
160,band_lowlevel.barkbands_crest.mean,5.196217692986464,0.022839119315416913
161,band_lowlevel.barkbands_crest.median,7.05619476688138,0.008020775502145801
162,band_lowlevel.barkbands_crest.skew,7.2694924348517045,0.007127484081924379
163,band_lowlevel.barkbands_crest.stdev,1.7692824164529204,0.18376421742550061
164,band_lowlevel.barkbands_crest.var,1.7693954365633855,0.18375022782548164
165,band_lowlevel.barkbands_flatness_db.dmean,234.8160848944026,6.44297866169035e-48
166,band_lowlevel.barkbands_flatness_db.dmean2,209.16239680495832,2.6047194648174684e-43
167,band_lowlevel.barkbands_flatness_db.dvar,460.08798806395095,1.0093501185681171e-84
168,band_lowlevel.barkbands_flatness_db.dvar2,325.0334413435114,2.1430717658861748e-63
169,band_lowlevel.barkbands_flatness_db.kurt,92.34393005251843,5.325153825468522e-21
170,band_lowlevel.barkbands_flatness_db.mean,356.7360373110733,1.375375371901321e-68
171,band_lowlevel.barkbands_flatness_db.median,296.9687920663681,1.0744451039192227e-58
172,band_lowlevel.barkbands_flatness_db.skew,25.35943693714907,5.61134824648522e-07
173,band_lowlevel.barkbands_flatness_db.stdev,183.99395696690794,1.0746209395313975e-38
174,band_lowlevel.barkbands_flatness_db.var,183.99169968823676,1.075656606811927e-38
175,band_lowlevel.barkbands_kurtosis.dmean,77.61203392624613,5.205522798990302e-18
176,band_lowlevel.barkbands_kurtosis.dmean2,72.66703623345128,5.376310216193914e-17
177,band_lowlevel.barkbands_kurtosis.dvar,44.869650523206644,3.451958510276458e-11
178,band_lowlevel.barkbands_kurtosis.dvar2,43.57746610898906,6.500963427155281e-11
179,band_lowlevel.barkbands_kurtosis.kurt,2.5792635543879507,0.1085773535318965
180,band_lowlevel.barkbands_kurtosis.mean,175.28728936480957,4.47609046851213e-37
181,band_lowlevel.barkbands_kurtosis.median,602.155258548725,3.7218724987198165e-105
182,band_lowlevel.barkbands_kurtosis.skew,1.8828240673287193,0.1703111175569294
183,band_lowlevel.barkbands_kurtosis.stdev,59.60198061309849,2.730546116583531e-14
184,band_lowlevel.barkbands_kurtosis.var,59.62212394334913,2.704249590025491e-14
185,band_lowlevel.barkbands_skewness.dmean,3.062703433626647,0.08040489006703878
186,band_lowlevel.barkbands_skewness.dmean2,6.5666437207982264,0.010531437095780964
187,band_lowlevel.barkbands_skewness.dvar,5.670399198230503,0.017433734198136933
188,band_lowlevel.barkbands_skewness.dvar2,4.673822803205278,0.030854537144883763
189,band_lowlevel.barkbands_skewness.kurt,36.68678854762782,1.9394673991583865e-09
190,band_lowlevel.barkbands_skewness.mean,305.4350029329974,4.0067942398656264e-60
191,band_lowlevel.barkbands_skewness.median,360.3506192234832,3.5809740658972013e-69
192,band_lowlevel.barkbands_skewness.skew,114.60746200726382,1.9486551283691608e-25
193,band_lowlevel.barkbands_skewness.stdev,10.61976679764467,0.0011553004568474578
194,band_lowlevel.barkbands_skewness.var,10.62266286462247,0.0011535110671435818
195,band_lowlevel.barkbands_spread.dmean,6.920630673315047,0.008647388659996893
196,band_lowlevel.barkbands_spread.dmean2,5.957964696469357,0.014817869360753237
197,band_lowlevel.barkbands_spread.dvar,12.840038176912433,0.00035509547998034425
198,band_lowlevel.barkbands_spread.dvar2,6.478729593709139,0.011061586240820211
199,band_lowlevel.barkbands_spread.kurt,24.612175007908583,8.192344780073213e-07
200,band_lowlevel.barkbands_spread.mean,12.415385567728185,0.00044442986014845207
201,band_lowlevel.barkbands_spread.median,4.897512967184356,0.027113173802424048
202,band_lowlevel.barkbands_spread.skew,21.82005839597738,3.3891322225451297e-06
203,band_lowlevel.barkbands_spread.stdev,30.557070787472487,4.103873296792447e-08
204,band_lowlevel.barkbands_spread.var,30.560229609342848,4.097388782056802e-08
205,band_lowlevel.dissonance.dmean,355.6762140585192,2.0420613733892177e-68
206,band_lowlevel.dissonance.dmean2,298.5400102331759,5.8263810388619095e-59
207,band_lowlevel.dissonance.dvar,559.8250719641168,2.926161918897814e-99
208,band_lowlevel.dissonance.dvar2,403.0630753597422,5.776589440661741e-76
209,band_lowlevel.dissonance.kurt,307.7377912372177,1.6438539221733303e-60
210,band_lowlevel.dissonance.mean,401.30951388214913,1.087668457409705e-75
211,band_lowlevel.dissonance.median,280.17238634729034,7.807549862768337e-56
212,band_lowlevel.dissonance.skew,192.67754353740548,2.677917677948721e-40
213,band_lowlevel.dissonance.stdev,638.2307534623186,4.634869035385623e-110
214,band_lowlevel.dissonance.var,638.1730181696573,4.7184765236717955e-110
215,band_lowlevel.dynamic_complexity,11.440279018677925,0.0007456121680105706
216,band_lowlevel.erbbands_crest.dmean,2.6687361950628126,0.10264168008156714
217,band_lowlevel.erbbands_crest.dmean2,1.3929784839846742,0.23817418978847593
218,band_lowlevel.erbbands_crest.dvar,5.847596469719554,0.015770303518598594
219,band_lowlevel.erbbands_crest.dvar2,4.553913707322291,0.033078357443843805
220,band_lowlevel.erbbands_crest.kurt,25.696180181858658,4.732605461491392e-07
221,band_lowlevel.erbbands_crest.mean,21.07741177655352,4.952958836127271e-06
222,band_lowlevel.erbbands_crest.median,18.93464888181555,1.486866726174317e-05
223,band_lowlevel.erbbands_crest.skew,23.55775932424212,1.398910422433126e-06
224,band_lowlevel.erbbands_crest.stdev,19.09988152987789,1.365675278643683e-05
225,band_lowlevel.erbbands_crest.var,19.09488758183473,1.369188250194857e-05
226,band_lowlevel.erbbands_flatness_db.dmean,237.7250522525281,1.9622286329995635e-48
227,band_lowlevel.erbbands_flatness_db.dmean2,214.26304471307435,3.1053615313026507e-44
228,band_lowlevel.erbbands_flatness_db.dvar,552.0925319605617,3.632662596267587e-98
229,band_lowlevel.erbbands_flatness_db.dvar2,406.2545478859406,1.8296093240357067e-76
230,band_lowlevel.erbbands_flatness_db.kurt,33.56588055477335,9.13728287980269e-09
231,band_lowlevel.erbbands_flatness_db.mean,189.27093986652292,1.1361544207825232e-39
232,band_lowlevel.erbbands_flatness_db.median,177.74217923331636,1.559592817562781e-37
233,band_lowlevel.erbbands_flatness_db.skew,17.174116342622067,3.689424062139129e-05
234,band_lowlevel.erbbands_flatness_db.stdev,230.19542533710964,4.282922087804958e-47
235,band_lowlevel.erbbands_flatness_db.var,230.16809337028894,4.3312719410698036e-47
236,band_lowlevel.erbbands_kurtosis.dmean,7.4975742121703695,0.006284321998180106
237,band_lowlevel.erbbands_kurtosis.dmean2,6.616200419804365,0.010244169386571364
238,band_lowlevel.erbbands_kurtosis.dvar,4.995861453263857,0.025620903787856628
239,band_lowlevel.erbbands_kurtosis.dvar2,4.475609498957521,0.03462054316609729
240,band_lowlevel.erbbands_kurtosis.kurt,0.3157362265686032,0.5743031302786271
241,band_lowlevel.erbbands_kurtosis.mean,61.2508920006168,1.237499063245368e-14
242,band_lowlevel.erbbands_kurtosis.median,173.7834058834264,8.548325228754876e-37
243,band_lowlevel.erbbands_kurtosis.skew,0.022400388140767568,0.8810560649290607
244,band_lowlevel.erbbands_kurtosis.stdev,17.324136975426125,3.413753755437353e-05
245,band_lowlevel.erbbands_kurtosis.var,17.32566289564796,3.411059067666785e-05
246,band_lowlevel.erbbands_skewness.dmean,6.905525105354406,0.008720250638042715
247,band_lowlevel.erbbands_skewness.dmean2,0.8908912858623472,0.34545637919269134
248,band_lowlevel.erbbands_skewness.dvar,15.366190660364492,9.438808508499883e-05
249,band_lowlevel.erbbands_skewness.dvar2,10.204514245335606,0.0014433380936166977
250,band_lowlevel.erbbands_skewness.kurt,2.301383223084026,0.12956449826247096
251,band_lowlevel.erbbands_skewness.mean,304.64302695695335,5.445370136638346e-60
252,band_lowlevel.erbbands_skewness.median,374.60409707422303,1.837664800528576e-71
253,band_lowlevel.erbbands_skewness.skew,0.9439174250708832,0.33149962488630436
254,band_lowlevel.erbbands_skewness.stdev,0.08905047864093395,0.7654477195280716
255,band_lowlevel.erbbands_skewness.var,0.08910085076976222,0.765383338867443
256,band_lowlevel.erbbands_spread.dmean,61.8886571431322,9.115564821908829e-15
257,band_lowlevel.erbbands_spread.dmean2,76.01537421611674,1.1048178708130399e-17
258,band_lowlevel.erbbands_spread.dvar,3.430323740221661,0.06429442482726618
259,band_lowlevel.erbbands_spread.dvar2,5.22356484037632,0.022484515436400707
260,band_lowlevel.erbbands_spread.kurt,13.440378184583388,0.00025879121953782853
261,band_lowlevel.erbbands_spread.mean,109.47009164920819,2.0186359391444208e-24
262,band_lowlevel.erbbands_spread.median,131.33529528330067,1.0408124902041106e-28
263,band_lowlevel.erbbands_spread.skew,10.392869506584384,0.0013046100938504256
264,band_lowlevel.erbbands_spread.stdev,22.439929903685247,2.4706132100042665e-06
265,band_lowlevel.erbbands_spread.var,22.45120211362209,2.4564637051885293e-06
266,band_lowlevel.hfc.dmean,9.887658631261452,0.001711358550114013
267,band_lowlevel.hfc.dmean2,8.74004203036675,0.0031836615297342317
268,band_lowlevel.hfc.dvar,31.214652123552757,2.9533418948952446e-08
269,band_lowlevel.hfc.dvar2,28.268968708907195,1.293449473305757e-07
270,band_lowlevel.hfc.kurt,160.94512002442676,2.215543749249228e-34
271,band_lowlevel.hfc.mean,12.73866636250297,0.00037461838693614194
272,band_lowlevel.hfc.median,68.68490282739661,3.5563371808205426e-16
273,band_lowlevel.hfc.skew,203.53691265093087,2.7477487945162202e-42
274,band_lowlevel.hfc.stdev,151.76982679695155,1.2220414909240263e-32
275,band_lowlevel.hfc.var,151.76932012984474,1.2223132335699395e-32
276,band_lowlevel.loudness_ebu128.integrated,91.59542731844628,7.536644165131885e-21
277,band_lowlevel.loudness_ebu128.loudness_range,169.9421109465525,4.4795399509695624e-36
278,band_lowlevel.loudness_ebu128.momentary.dmean,0.3941127626357433,0.5302840586832738
279,band_lowlevel.loudness_ebu128.momentary.dmean2,1.9541808202773743,0.16243683964655986
280,band_lowlevel.loudness_ebu128.momentary.dvar,1.9115543348261284,0.1670892312421183
281,band_lowlevel.loudness_ebu128.momentary.dvar2,8.975574451261474,0.0028013678667640363
282,band_lowlevel.loudness_ebu128.momentary.kurt,145.6335855784446,1.8186258246262091e-31
283,band_lowlevel.loudness_ebu128.momentary.mean,29.48789516137015,7.01265250464089e-08
284,band_lowlevel.loudness_ebu128.momentary.median,8.131111687627286,0.00443778700158067
285,band_lowlevel.loudness_ebu128.momentary.skew,308.41672690597727,1.264477991055298e-60
286,band_lowlevel.loudness_ebu128.momentary.stdev,28.520069499741354,1.1400605845159912e-07
287,band_lowlevel.loudness_ebu128.momentary.var,28.52302260521786,1.1383697814617996e-07
288,band_lowlevel.loudness_ebu128.short_term.dmean,122.46721098070738,5.569952671116798e-27
289,band_lowlevel.loudness_ebu128.short_term.dmean2,56.04102264918488,1.5163321143978505e-13
290,band_lowlevel.loudness_ebu128.short_term.dvar,218.39591174537563,5.5789281560853605e-45
291,band_lowlevel.loudness_ebu128.short_term.dvar2,145.59944958594875,1.8462257468589893e-31
292,band_lowlevel.loudness_ebu128.short_term.kurt,0.7589406175341937,0.3838624742989367
293,band_lowlevel.loudness_ebu128.short_term.mean,51.67942765353745,1.2506519187169225e-12
294,band_lowlevel.loudness_ebu128.short_term.median,53.63376977566151,4.852115107513932e-13
295,band_lowlevel.loudness_ebu128.short_term.skew,0.006961504819398808,0.9335213059196649
296,band_lowlevel.loudness_ebu128.short_term.stdev,194.28233261415903,1.3575335632758527e-40
297,band_lowlevel.loudness_ebu128.short_term.var,194.28379921012854,1.3566915448730441e-40
298,band_lowlevel.melbands_crest.dmean,30.076706715032092,5.2201002505927425e-08
299,band_lowlevel.melbands_crest.dmean2,21.656925559906245,3.6834549542061054e-06
300,band_lowlevel.melbands_crest.dvar,31.249164583336025,2.902816518381091e-08
301,band_lowlevel.melbands_crest.dvar2,48.28974817301437,6.497861739419377e-12
302,band_lowlevel.melbands_crest.kurt,43.82330274404591,5.7628580556259116e-11
303,band_lowlevel.melbands_crest.mean,79.09207595230671,2.5941828357105528e-18
304,band_lowlevel.melbands_crest.median,78.6667401157802,3.168653113097074e-18
305,band_lowlevel.melbands_crest.skew,68.31889406870523,4.2325205574049264e-16
306,band_lowlevel.melbands_crest.stdev,4.944309038162606,0.026392152285097177
307,band_lowlevel.melbands_crest.var,4.9413182959299355,0.026437630176701858
308,band_lowlevel.melbands_flatness_db.dmean,263.77556174776123,5.270585453787779e-53
309,band_lowlevel.melbands_flatness_db.dmean2,235.17627019677946,5.5601789008058e-48
310,band_lowlevel.melbands_flatness_db.dvar,545.8620607030028,2.789716768515843e-97
311,band_lowlevel.melbands_flatness_db.dvar2,455.4846770552784,4.993388874235815e-84
312,band_lowlevel.melbands_flatness_db.kurt,83.73391233627585,2.940449309795051e-19
313,band_lowlevel.melbands_flatness_db.mean,357.0732484832635,1.2129271048337126e-68
314,band_lowlevel.melbands_flatness_db.median,304.4041333452511,5.973529855592972e-60
315,band_lowlevel.melbands_flatness_db.skew,13.234698293904621,0.00028838532133863577
316,band_lowlevel.melbands_flatness_db.stdev,195.35393681335484,8.628859471808639e-41
317,band_lowlevel.melbands_flatness_db.var,195.35060924783943,8.641004286897386e-41
318,band_lowlevel.melbands_kurtosis.dmean,66.57535101237825,9.708132128120715e-16
319,band_lowlevel.melbands_kurtosis.dmean2,74.64189693221427,2.1128910582576795e-17
320,band_lowlevel.melbands_kurtosis.dvar,14.730239015955416,0.0001315644845070848
321,band_lowlevel.melbands_kurtosis.dvar2,20.656634531798876,6.142942608476716e-06
322,band_lowlevel.melbands_kurtosis.kurt,9.555818487833868,0.0020465181572896472
323,band_lowlevel.melbands_kurtosis.mean,133.06062210075228,4.816377868570886e-29
324,band_lowlevel.melbands_kurtosis.median,275.7144716519057,4.551744841039711e-55
325,band_lowlevel.melbands_kurtosis.skew,18.074899066357645,2.3159046757718187e-05
326,band_lowlevel.melbands_kurtosis.stdev,24.071030668048476,1.077946889739022e-06
327,band_lowlevel.melbands_kurtosis.var,24.073576114380195,1.0765553444538142e-06
328,band_lowlevel.melbands_skewness.dmean,0.12627697515724462,0.7223963431725416
329,band_lowlevel.melbands_skewness.dmean2,10.429836838172305,0.0012790117996763226
330,band_lowlevel.melbands_skewness.dvar,13.569590030923942,0.00024178747414304132
331,band_lowlevel.melbands_skewness.dvar2,2.2709975564529548,0.13212047174860095
332,band_lowlevel.melbands_skewness.kurt,1.7418619659032788,0.18719519689792763
333,band_lowlevel.melbands_skewness.mean,111.88299179948322,6.723084793634384e-25
334,band_lowlevel.melbands_skewness.median,113.05167072431786,3.950859326145691e-25
335,band_lowlevel.melbands_skewness.skew,4.989530811965036,0.02571433636684545
336,band_lowlevel.melbands_skewness.stdev,4.519816592496301,0.033740863163405466
337,band_lowlevel.melbands_skewness.var,4.521195455076548,0.033713804311446126
338,band_lowlevel.melbands_spread.dmean,18.196102280663915,2.1754895583867787e-05
339,band_lowlevel.melbands_spread.dmean2,22.42655888642432,2.48750351187497e-06
340,band_lowlevel.melbands_spread.dvar,17.67226369743707,2.8512732765882485e-05
341,band_lowlevel.melbands_spread.dvar2,16.210947741178785,6.0804819195069915e-05
342,band_lowlevel.melbands_spread.kurt,20.84431167835699,5.5802561364126845e-06
343,band_lowlevel.melbands_spread.mean,44.30161668455109,4.5588364366032035e-11
344,band_lowlevel.melbands_spread.median,38.506004288058236,7.886050684768656e-10
345,band_lowlevel.melbands_spread.skew,12.504439625446174,0.00042398057629807124
346,band_lowlevel.melbands_spread.stdev,34.736686987473696,5.103682506361856e-09
347,band_lowlevel.melbands_spread.var,34.73894874172801,5.097949350699712e-09
348,band_lowlevel.pitch_salience.dmean,2.140910685482886,0.14372063198999704
349,band_lowlevel.pitch_salience.dmean2,0.14055773345461464,0.7078040599823424
350,band_lowlevel.pitch_salience.dvar,32.25510421870903,1.756274548015568e-08
351,band_lowlevel.pitch_salience.dvar2,28.275644598600397,1.2891148110858103e-07
352,band_lowlevel.pitch_salience.kurt,69.9467191321358,1.9526246249155334e-16
353,band_lowlevel.pitch_salience.mean,95.08139201677338,1.4983344418383415e-21
354,band_lowlevel.pitch_salience.median,88.37276130870568,3.37239704377581e-20
355,band_lowlevel.pitch_salience.skew,56.38318245765559,1.2856294653321095e-13
356,band_lowlevel.pitch_salience.stdev,15.039147377402678,0.00011195264515490946
357,band_lowlevel.pitch_salience.var,15.037356385184195,0.00011205739864039716
358,band_lowlevel.silence_rate_20dB.dmean,48.80744945990912,5.049746106854248e-12
359,band_lowlevel.silence_rate_20dB.dmean2,48.039637204042734,7.340050025361427e-12
360,band_lowlevel.silence_rate_20dB.dvar,49.04267872403753,4.503392468130565e-12
361,band_lowlevel.silence_rate_20dB.dvar2,49.86871629033669,3.0131983694641923e-12
362,band_lowlevel.silence_rate_20dB.kurt,51.433108759696495,1.4094026177095978e-12
363,band_lowlevel.silence_rate_20dB.mean,51.94257883539862,1.1008018723900018e-12
364,band_lowlevel.silence_rate_20dB.median,8.76271186440678,0.0031446630733334567
365,band_lowlevel.silence_rate_20dB.skew,51.432014684250035,1.4101510273648316e-12
366,band_lowlevel.silence_rate_20dB.stdev,51.381817371355844,1.4449208043009481e-12
367,band_lowlevel.silence_rate_20dB.var,51.38860969453816,1.4401661968048401e-12
368,band_lowlevel.silence_rate_30dB.dmean,8.738794122675177,0.0031858225215297396
369,band_lowlevel.silence_rate_30dB.dmean2,16.636940714291974,4.873873762183601e-05
370,band_lowlevel.silence_rate_30dB.dvar,12.248052971232234,0.00048559122178911047
371,band_lowlevel.silence_rate_30dB.dvar2,5.937382110007207,0.01499087812866756
372,band_lowlevel.silence_rate_30dB.kurt,3.4562647753866993,0.06329642768696724
373,band_lowlevel.silence_rate_30dB.mean,0.4176377460784805,0.5182615264560018
374,band_lowlevel.silence_rate_30dB.median,94.0,2.471635280947318e-21
375,band_lowlevel.silence_rate_30dB.skew,4.083865483757473,0.04355184817504189
376,band_lowlevel.silence_rate_30dB.stdev,0.6285562348054752,0.4280672599019544
377,band_lowlevel.silence_rate_30dB.var,0.6319588509861276,0.42682013399256724
378,band_lowlevel.silence_rate_60dB.dmean,0.07784281684413685,0.7802981171687533
379,band_lowlevel.silence_rate_60dB.dmean2,0.03219054655357024,0.8576452454361951
380,band_lowlevel.silence_rate_60dB.dvar,0.09741361960061448,0.7550186750805462
381,band_lowlevel.silence_rate_60dB.dvar2,1.5103087319029402,0.2193715891998333
382,band_lowlevel.silence_rate_60dB.kurt,0.39562289373451914,0.5294974058727981
383,band_lowlevel.silence_rate_60dB.mean,51.93082267627923,1.1070951706246831e-12
384,band_lowlevel.silence_rate_60dB.median,40.307036859701384,3.2435077304617505e-10
385,band_lowlevel.silence_rate_60dB.skew,29.752442843693608,6.141349194379241e-08
386,band_lowlevel.silence_rate_60dB.stdev,29.37616605786911,7.416957052976905e-08
387,band_lowlevel.silence_rate_60dB.var,29.579955741022136,6.696196403940077e-08
388,band_lowlevel.spectral_centroid.dmean,2.327384556942791,0.12742109231896037
389,band_lowlevel.spectral_centroid.dmean2,2.0195771955264488,0.1555838768151701
390,band_lowlevel.spectral_centroid.dvar,0.431978188023059,0.5111661420935649
391,band_lowlevel.spectral_centroid.dvar2,3.351678797709437,0.0674241831838234
392,band_lowlevel.spectral_centroid.kurt,55.516457097010544,1.953180665216726e-13
393,band_lowlevel.spectral_centroid.mean,69.78015058374459,2.1133459343688914e-16
394,band_lowlevel.spectral_centroid.median,47.946554140249546,7.680716496931638e-12
395,band_lowlevel.spectral_centroid.skew,96.43625649999328,8.009207571710493e-22
396,band_lowlevel.spectral_centroid.stdev,0.0764245086809254,0.7822578351896999
397,band_lowlevel.spectral_centroid.var,0.0760452767204446,0.782785142576046
398,band_lowlevel.spectral_complexity.dmean,139.80587005617272,2.3955568577285277e-30
399,band_lowlevel.spectral_complexity.dmean2,75.43932779541994,1.4499060880086784e-17
400,band_lowlevel.spectral_complexity.dvar,304.06755376271417,6.805917635030156e-60
401,band_lowlevel.spectral_complexity.dvar2,157.46669788057375,1.0094457227102233e-33
402,band_lowlevel.spectral_complexity.kurt,214.8370746502075,2.4457209222367697e-44
403,band_lowlevel.spectral_complexity.mean,61.6193006813563,1.0371524785382675e-14
404,band_lowlevel.spectral_complexity.median,14.039222080117963,0.00018893661235466086
405,band_lowlevel.spectral_complexity.skew,457.7171426272832,2.2981882522528013e-84
406,band_lowlevel.spectral_complexity.stdev,338.2951558154528,1.3935547691911085e-65
407,band_lowlevel.spectral_complexity.var,338.29886047541174,1.3916054503127082e-65
408,band_lowlevel.spectral_decrease.dmean,8.76271186440678,0.0031446630733334567
409,band_lowlevel.spectral_decrease.dmean2,8.76271186440678,0.0031446630733334567
410,band_lowlevel.spectral_decrease.dvar,8.76271186440678,0.0031446630733334567
411,band_lowlevel.spectral_decrease.dvar2,8.76271186440678,0.0031446630733334567
412,band_lowlevel.spectral_decrease.kurt,156.8030958597848,1.3488307604505403e-33
413,band_lowlevel.spectral_decrease.mean,8.76271186440678,0.0031446630733334567
414,band_lowlevel.spectral_decrease.median,8.76271186440678,0.0031446630733334567
415,band_lowlevel.spectral_decrease.skew,186.7569706856644,3.309601268141838e-39
416,band_lowlevel.spectral_decrease.stdev,8.76271186440678,0.0031446630733334567
417,band_lowlevel.spectral_decrease.var,8.76271186440678,0.0031446630733334567
418,band_lowlevel.spectral_energy.dmean,75.73287049223119,1.262336462047914e-17
419,band_lowlevel.spectral_energy.dmean2,57.454277847394934,7.672281498952431e-14
420,band_lowlevel.spectral_energy.dvar,0.5590442099784654,0.45481560665395215
421,band_lowlevel.spectral_energy.dvar2,1.388136319846599,0.23899115931297454
422,band_lowlevel.spectral_energy.kurt,156.20503646224125,1.7517112203580236e-33
423,band_lowlevel.spectral_energy.mean,108.52842397227516,3.10243710457018e-24
424,band_lowlevel.spectral_energy.median,105.65884113150909,1.1521610699408148e-23
425,band_lowlevel.spectral_energy.skew,187.00458256253467,2.9784964537846525e-39
426,band_lowlevel.spectral_energy.stdev,5.354441490263927,0.020864863080816035
427,band_lowlevel.spectral_energy.var,5.35382728730734,0.020872174725490706
428,band_lowlevel.spectral_energyband_high.dmean,0.902007636021842,0.34246588544888446
429,band_lowlevel.spectral_energyband_high.dmean2,6.745084184875946,0.009534132567461648
430,band_lowlevel.spectral_energyband_high.dvar,8.76271186440678,0.0031446630733334567
431,band_lowlevel.spectral_energyband_high.dvar2,8.76271186440678,0.0031446630733334567
432,band_lowlevel.spectral_energyband_high.kurt,177.42918638721406,1.783763564499644e-37
433,band_lowlevel.spectral_energyband_high.mean,4.663317791473992,0.031042965731108818
434,band_lowlevel.spectral_energyband_high.median,29.29780586068917,7.714396636627904e-08
435,band_lowlevel.spectral_energyband_high.skew,183.59030733900474,1.276668155817082e-38
436,band_lowlevel.spectral_energyband_high.stdev,0.01305149380885028,0.9090672378313563
437,band_lowlevel.spectral_energyband_high.var,8.76271186440678,0.0031446630733334567
438,band_lowlevel.spectral_energyband_low.dmean,271.4286275548895,2.493389196282213e-54
439,band_lowlevel.spectral_energyband_low.dmean2,264.7242032269311,3.6072623244532137e-53
440,band_lowlevel.spectral_energyband_low.dvar,104.9683060800294,1.5807632551988845e-23
441,band_lowlevel.spectral_energyband_low.dvar2,105.68135332899608,1.1403465583094059e-23
442,band_lowlevel.spectral_energyband_low.kurt,64.0392673769457,3.2569862771203745e-15
443,band_lowlevel.spectral_energyband_low.mean,245.43844220736935,8.500721662400734e-50
444,band_lowlevel.spectral_energyband_low.median,81.5876736931989,8.036310916248139e-19
445,band_lowlevel.spectral_energyband_low.skew,69.48435275355565,2.4321433814531876e-16
446,band_lowlevel.spectral_energyband_low.stdev,206.77280013795735,7.076530949616162e-43
447,band_lowlevel.spectral_energyband_low.var,120.2729487861693,1.4987448356503712e-26
448,band_lowlevel.spectral_energyband_middle_high.dmean,153.0072140687179,7.10214485039972e-33
449,band_lowlevel.spectral_energyband_middle_high.dmean2,135.72448312564364,1.4691225812696293e-29
450,band_lowlevel.spectral_energyband_middle_high.dvar,130.24675434851738,1.6934883243083997e-28
451,band_lowlevel.spectral_energyband_middle_high.dvar2,141.8046268644247,9.879402278100684e-31
452,band_lowlevel.spectral_energyband_middle_high.kurt,25.97057219101372,4.1197423363689975e-07
453,band_lowlevel.spectral_energyband_middle_high.mean,160.70451673882428,2.460206018612561e-34
454,band_lowlevel.spectral_energyband_middle_high.median,59.610351165349215,2.7195876202256137e-14
455,band_lowlevel.spectral_energyband_middle_high.skew,26.695712689860095,2.8567505610882e-07
456,band_lowlevel.spectral_energyband_middle_high.stdev,216.36027680398075,1.298552338909489e-44
457,band_lowlevel.spectral_energyband_middle_high.var,183.53214475754402,1.3087644200696518e-38
458,band_lowlevel.spectral_energyband_middle_low.dmean,25.440407797352275,5.386126702968006e-07
459,band_lowlevel.spectral_energyband_middle_low.dmean2,17.79054004050104,2.6822198222111348e-05
460,band_lowlevel.spectral_energyband_middle_low.dvar,6.715771977434381,0.009691049834112623
461,band_lowlevel.spectral_energyband_middle_low.dvar2,9.56315721383195,0.0020384284863136795
462,band_lowlevel.spectral_energyband_middle_low.kurt,151.40352799144043,1.4351845337044852e-32
463,band_lowlevel.spectral_energyband_middle_low.mean,30.3604261303519,4.5285074969136064e-08
464,band_lowlevel.spectral_energyband_middle_low.median,42.5160810169359,1.0943588789565348e-10
465,band_lowlevel.spectral_energyband_middle_low.skew,174.94934805124973,5.176156795072305e-37
466,band_lowlevel.spectral_energyband_middle_low.stdev,25.059915349044477,6.52988435731068e-07
467,band_lowlevel.spectral_energyband_middle_low.var,25.061462823549295,6.524770223499828e-07
468,band_lowlevel.spectral_entropy.dmean,51.5206023509774,1.3508234648153854e-12
469,band_lowlevel.spectral_entropy.dmean2,39.62348320390276,4.5429002678622043e-10
470,band_lowlevel.spectral_entropy.dvar,192.8397722843248,2.500073344394334e-40
471,band_lowlevel.spectral_entropy.dvar2,158.68171842477824,5.9402317131639184e-34
472,band_lowlevel.spectral_entropy.kurt,77.26293210317137,6.135869986661966e-18
473,band_lowlevel.spectral_entropy.mean,332.84405497073067,1.0975724200076648e-64
474,band_lowlevel.spectral_entropy.median,264.3883110287576,4.1254709122199504e-53
475,band_lowlevel.spectral_entropy.skew,5.931745013111486,0.01503862375177406
476,band_lowlevel.spectral_entropy.stdev,62.953885650962825,5.473389750984697e-15
477,band_lowlevel.spectral_entropy.var,62.93909934244412,5.512257697981958e-15
478,band_lowlevel.spectral_flux.dmean,421.4193152358414,8.034192054639237e-79
479,band_lowlevel.spectral_flux.dmean2,332.53405531558286,1.2345657190105294e-64
480,band_lowlevel.spectral_flux.dvar,131.1656405078899,1.122814355910523e-28
481,band_lowlevel.spectral_flux.dvar2,95.11850499049825,1.4728300912257974e-21
482,band_lowlevel.spectral_flux.kurt,137.9826561427821,5.381490088154736e-30
483,band_lowlevel.spectral_flux.mean,264.8640961487928,3.4111681186576276e-53
484,band_lowlevel.spectral_flux.median,179.2363724923094,8.218342125655002e-38
485,band_lowlevel.spectral_flux.skew,161.5046732849812,1.7366884983057985e-34
486,band_lowlevel.spectral_flux.stdev,81.5813970881458,8.060001118306311e-19
487,band_lowlevel.spectral_flux.var,81.57882061587313,8.069745916863139e-19
488,band_lowlevel.spectral_kurtosis.dmean,455.0560475251742,5.796407270745114e-84
489,band_lowlevel.spectral_kurtosis.dmean2,451.0143515436008,2.370070064628794e-83
490,band_lowlevel.spectral_kurtosis.dvar,600.2349387137084,6.83720872043367e-105
491,band_lowlevel.spectral_kurtosis.dvar2,571.1414944802585,7.497821489424778e-101
492,band_lowlevel.spectral_kurtosis.kurt,11.336817484032522,0.0007878358530982629
493,band_lowlevel.spectral_kurtosis.mean,362.1751854518949,1.8179386694623236e-69
494,band_lowlevel.spectral_kurtosis.median,266.99537467354725,1.4568226048661245e-53
495,band_lowlevel.spectral_kurtosis.skew,36.59884212815495,2.02583646002706e-09
496,band_lowlevel.spectral_kurtosis.stdev,548.8518222957343,1.0478159264785135e-97
497,band_lowlevel.spectral_kurtosis.var,548.8528386387276,1.047467517433072e-97
498,band_lowlevel.spectral_rms.dmean,199.27772900636216,1.6476547271547578e-41
499,band_lowlevel.spectral_rms.dmean2,140.132950224815,2.0720969293147837e-30
500,band_lowlevel.spectral_rms.dvar,55.38031641613403,2.0858771727859588e-13
501,band_lowlevel.spectral_rms.dvar2,31.29185041107508,2.8415238736948155e-08
502,band_lowlevel.spectral_rms.kurt,240.1699333135304,7.23968783395416e-49
503,band_lowlevel.spectral_rms.mean,114.15463903669549,2.3934816710767365e-25
504,band_lowlevel.spectral_rms.median,105.69085624870051,1.1353958911295518e-23
505,band_lowlevel.spectral_rms.skew,278.28531531107546,1.645520610190516e-55
506,band_lowlevel.spectral_rms.stdev,20.72063910668936,5.944908240779522e-06
507,band_lowlevel.spectral_rms.var,20.67937785180352,6.07182468264782e-06
508,band_lowlevel.spectral_rolloff.dmean,5.782678582167808,0.01635981904136034
509,band_lowlevel.spectral_rolloff.dmean2,0.32153450204492473,0.570809994356583
510,band_lowlevel.spectral_rolloff.dvar,1.2875077789541458,0.2567707137416268
511,band_lowlevel.spectral_rolloff.dvar2,4.837067785167197,0.028074984904705544
512,band_lowlevel.spectral_rolloff.kurt,27.882775436587824,1.5707940927116492e-07
513,band_lowlevel.spectral_rolloff.mean,63.670692098292335,3.884543389677758e-15
514,band_lowlevel.spectral_rolloff.median,42.10838791406252,1.336996308232312e-10
515,band_lowlevel.spectral_rolloff.skew,48.76705011720102,5.1500552800980596e-12
516,band_lowlevel.spectral_rolloff.stdev,0.3311142294441415,0.5651289216710476
517,band_lowlevel.spectral_rolloff.var,0.3320678731953528,0.5645693859647769
518,band_lowlevel.spectral_skewness.dmean,348.12626514403775,3.441051317197471e-67
519,band_lowlevel.spectral_skewness.dmean2,301.43745988210475,1.8884375976125686e-59
520,band_lowlevel.spectral_skewness.dvar,566.2541625195649,3.637682395930907e-100
521,band_lowlevel.spectral_skewness.dvar2,474.24779985737183,7.614328963512514e-87
522,band_lowlevel.spectral_skewness.kurt,2.0059737889778413,0.1569818256451647
523,band_lowlevel.spectral_skewness.mean,393.60691383648793,1.7689018046884587e-74
524,band_lowlevel.spectral_skewness.median,337.6032117989659,1.8100834979897515e-65
525,band_lowlevel.spectral_skewness.skew,1.0509413252431798,0.30553015606394507
526,band_lowlevel.spectral_skewness.stdev,424.5027073095774,2.6831729428319432e-79
527,band_lowlevel.spectral_skewness.var,424.5047662341366,2.6812108099155608e-79
528,band_lowlevel.spectral_spread.dmean,208.89991965727455,2.9066771572869e-43
529,band_lowlevel.spectral_spread.dmean2,323.6204549359803,3.6755011568546124e-63
530,band_lowlevel.spectral_spread.dvar,70.31375813064071,1.6403841577508324e-16
531,band_lowlevel.spectral_spread.dvar2,404.2123875374506,3.817071044316781e-76
532,band_lowlevel.spectral_spread.kurt,41.83775895448696,1.5271783543674822e-10
533,band_lowlevel.spectral_spread.mean,0.0011042176040441144,0.9734977715061425
534,band_lowlevel.spectral_spread.median,24.725995125121095,7.733180786882676e-07
535,band_lowlevel.spectral_spread.skew,43.51103211935932,6.716220278013693e-11
536,band_lowlevel.spectral_spread.stdev,8.061029859922384,0.0046113333985021284
537,band_lowlevel.spectral_spread.var,8.062292673247853,0.004608145775391333
538,band_lowlevel.spectral_strongpeak.dmean,7.275312641242173,0.00710458974103553
539,band_lowlevel.spectral_strongpeak.dmean2,0.47931000119587464,0.48889046559898264
540,band_lowlevel.spectral_strongpeak.dvar,26.384893841867967,3.341899289810087e-07
541,band_lowlevel.spectral_strongpeak.dvar2,43.540936716092325,6.618453832895655e-11
542,band_lowlevel.spectral_strongpeak.kurt,339.58744562747586,8.553911711932917e-66
543,band_lowlevel.spectral_strongpeak.mean,23.439398857764377,1.4856352732103062e-06
544,band_lowlevel.spectral_strongpeak.median,25.739039605457087,4.6311628998707313e-07
545,band_lowlevel.spectral_strongpeak.skew,359.4551435967783,4.996230447852866e-69
546,band_lowlevel.spectral_strongpeak.stdev,3.9876526943990975,0.04609663450124242
547,band_lowlevel.spectral_strongpeak.var,3.9878703657633476,0.04609070333602291
548,band_lowlevel.zerocrossingrate.dmean,14.091149868378515,0.00018385990570510556
549,band_lowlevel.zerocrossingrate.dmean2,15.601899962336836,8.347617209852076e-05
550,band_lowlevel.zerocrossingrate.dvar,10.038523320395429,0.0015779643023396993
551,band_lowlevel.zerocrossingrate.dvar2,18.38521756393527,1.9733093551647656e-05
552,band_lowlevel.zerocrossingrate.kurt,9.300219007476672,0.002349597403545532
553,band_lowlevel.zerocrossingrate.mean,76.6999930323149,7.999921981106678e-18
554,band_lowlevel.zerocrossingrate.median,76.99568850442928,6.959226129295662e-18
555,band_lowlevel.zerocrossingrate.skew,10.85880534015369,0.0010166660894235153
556,band_lowlevel.zerocrossingrate.stdev,1.6222089000797488,0.20307028972811444
557,band_lowlevel.zerocrossingrate.var,1.6235794537246184,0.20287970646788775
558,band_metadata.audio_properties.analysis.equal_loudness,8.76271186440678,0.0031446630733334567
559,band_metadata.audio_properties.analysis.length,1.4444297239679104e+17,0.0
560,band_metadata.audio_properties.analysis.sample_rate,8.76271186440678,0.0031446630733334567
561,band_metadata.audio_properties.analysis.start_time,8.76271186440678,0.0031446630733334567
562,band_metadata.audio_properties.bit_rate,8.76271186440678,0.0031446630733334567
563,band_metadata.audio_properties.length,1.4444297239679104e+17,0.0
564,band_metadata.audio_properties.lossless,8.76271186440678,0.0031446630733334567
565,band_metadata.audio_properties.number_channels,8.76271186440678,0.0031446630733334567
566,band_metadata.audio_properties.replay_gain,118.19783439576442,3.8288809239661153e-26
567,band_metadata.audio_properties.sample_rate,8.76271186440678,0.0031446630733334567
568,band_rhythm.beats_count,0.11303198973388168,0.7367865278038399
569,band_rhythm.beats_loudness.dmean,13.891927486299961,0.00020412009997808136
570,band_rhythm.beats_loudness.dmean2,10.75254297474512,0.0010760837317981202
571,band_rhythm.beats_loudness.dvar,2.876988221836237,0.09015494434747506
572,band_rhythm.beats_loudness.dvar2,0.24007732453351655,0.6242542135963618
573,band_rhythm.beats_loudness.kurt,28.36483311876639,1.2325842934614753e-07
574,band_rhythm.beats_loudness.mean,82.68156974940263,4.81268300932455e-19
575,band_rhythm.beats_loudness.median,225.10958668167584,3.4735862466781136e-46
576,band_rhythm.beats_loudness.skew,66.33938925020304,1.086382209228326e-15
577,band_rhythm.beats_loudness.stdev,0.0003023259964592967,0.98613081629519
578,band_rhythm.beats_loudness.var,0.00031195625746043346,0.9859116767652956
579,band_rhythm.bpm,2.47483918841912,0.11598718781709311
580,band_rhythm.bpm_histogram_first_peak_bpm,2.150038769314531,0.14287033114869038
581,band_rhythm.bpm_histogram_first_peak_weight,6.65829286491637,0.01000649469208587
582,band_rhythm.bpm_histogram_second_peak_bpm,15.701577474467918,7.925295416114294e-05
583,band_rhythm.bpm_histogram_second_peak_spread,7.369563728731328,0.00674414344639022
584,band_rhythm.bpm_histogram_second_peak_weight,18.488833312989417,1.870667241461759e-05
585,band_rhythm.danceability,27.371370867416328,2.0321041453940463e-07
586,band_rhythm.onset_rate,55.53645089367409,1.9344186285766037e-13
587,band_tonal.chords_changes_rate,93.93894118344087,2.5425240190336286e-21
588,band_tonal.chords_number_rate,99.6243709723072,1.8404965764506269e-22
589,band_tonal.chords_strength.dmean,148.73132071135564,4.644676569586111e-32
590,band_tonal.chords_strength.dmean2,280.1197505137545,7.971494500668251e-56
591,band_tonal.chords_strength.dvar,129.38741662835542,2.4878624102689424e-28
592,band_tonal.chords_strength.dvar2,223.50893803363903,6.72441600478947e-46
593,band_tonal.chords_strength.kurt,4.431094014998398,0.035530660076864715
594,band_tonal.chords_strength.mean,127.22575263771517,6.555545806320004e-28
595,band_tonal.chords_strength.median,127.31186398862475,6.307114331408688e-28
596,band_tonal.chords_strength.skew,19.846958241084597,9.303264435598722e-06
597,band_tonal.chords_strength.stdev,9.344284488894395,0.0022942656320129786
598,band_tonal.chords_strength.var,9.342367077373616,0.0022966454876971673
599,band_tonal.hpcp_crest.dmean,180.873170775075,4.0776577235126043e-38
600,band_tonal.hpcp_crest.dmean2,164.55367586785718,4.616910552632622e-35
601,band_tonal.hpcp_crest.dvar,187.85493520044702,2.074228448404988e-39
602,band_tonal.hpcp_crest.dvar2,128.58862904447795,3.55810232517924e-28
603,band_tonal.hpcp_crest.kurt,159.54265842251075,4.081127992485014e-34
604,band_tonal.hpcp_crest.mean,159.238303771762,4.660120990926437e-34
605,band_tonal.hpcp_crest.median,75.74634934638584,1.2543332702132482e-17
606,band_tonal.hpcp_crest.skew,61.89209150786889,9.100577013343943e-15
607,band_tonal.hpcp_crest.stdev,208.27525450752552,3.774037144894995e-43
608,band_tonal.hpcp_crest.var,208.27223619149228,3.778803375858407e-43
609,band_tonal.hpcp_entropy.dmean,69.97164562072874,1.929650482689914e-16
610,band_tonal.hpcp_entropy.dmean2,45.17225160166148,2.976857949934157e-11
611,band_tonal.hpcp_entropy.dvar,104.49493963652513,1.963706302437254e-23
612,band_tonal.hpcp_entropy.dvar2,47.834566561968856,8.111648810465082e-12
613,band_tonal.hpcp_entropy.kurt,42.16311863784062,1.301523215382423e-10
614,band_tonal.hpcp_entropy.mean,83.34117905134309,3.533794396825615e-19
615,band_tonal.hpcp_entropy.median,48.861363558648435,4.918925364303652e-12
616,band_tonal.hpcp_entropy.skew,3.08428839517542,0.07934785730430528
617,band_tonal.hpcp_entropy.stdev,112.66098146172298,4.718948984942308e-25
618,band_tonal.hpcp_entropy.var,112.65296110302171,4.736193638123154e-25
619,band_tonal.key_edma.strength,134.62469932251403,2.3977266013283673e-29
620,band_tonal.key_krumhansl.strength,133.68866472602647,3.639429348776086e-29
621,band_tonal.key_temperley.strength,120.97837370218949,1.090015502092663e-26
622,band_tonal.tuning_diatonic_strength,136.7186998156172,9.438866741197864e-30
623,band_tonal.tuning_equal_tempered_deviation,0.00017642131209824307,0.9894050771210544
624,band_tonal.tuning_frequency,0.9667655326638803,0.3257181781656129
625,band_tonal.tuning_nontempered_energy_ratio,0.15212021034724788,0.696597714348943
626,"band_hum_(Q0=0.1,Q1=0.55)_instances",50.26129216828794,2.4897501045523397e-12
627,"band_hum_(Q0=0.1,Q1=0.55)_length.mean",60.80625378728525,1.5316576787639243e-14
628,"band_hum_(Q0=0.1,Q1=0.55)_length.stdev",1.0090593013101417,0.3153633192382005
629,"band_hum_(Q0=0.1,Q1=0.55)_length.skew",0.3076866723501713,0.5792231768061473
630,"band_hum_(Q0=0.1,Q1=0.55)_frequency.mean",51.58457164737363,1.3095449291687678e-12
631,"band_hum_(Q0=0.1,Q1=0.55)_frequency.stdev",0.4419638694274064,0.5063243370865771
632,"band_hum_(Q0=0.1,Q1=0.55)_frequency.skew",3.1826881344883775,0.07471537787119263
633,"band_hum_(Q0=0.1,Q1=0.55)_salience.mean",63.78856572345001,3.671668115107027e-15
634,"band_hum_(Q0=0.1,Q1=0.55)_salience.stdev",0.4516038937788794,0.5017243953840924
635,"band_hum_(Q0=0.1,Q1=0.55)_salience.skew",0.9780089175620142,0.32292222437575413
636,"band_hum_(Q0=0.1,Q1=0.25)_instances",39.33472009135867,5.238288687096956e-10
637,"band_hum_(Q0=0.1,Q1=0.25)_length.mean",47.48259578175572,9.630372056346178e-12
638,"band_hum_(Q0=0.1,Q1=0.25)_length.stdev",7.3269860345711955,0.006904598395017966
639,"band_hum_(Q0=0.1,Q1=0.25)_length.skew",2.5640858467107672,0.10962117777825645
640,"band_hum_(Q0=0.1,Q1=0.25)_frequency.mean",39.80592510203887,4.1520823523472413e-10
641,"band_hum_(Q0=0.1,Q1=0.25)_frequency.stdev",3.0408557120869504,0.08149028913957206
642,"band_hum_(Q0=0.1,Q1=0.25)_frequency.skew",0.11085638599205756,0.739238745666272
643,"band_hum_(Q0=0.1,Q1=0.25)_salience.mean",47.543647173412346,9.347860636385163e-12
644,"band_hum_(Q0=0.1,Q1=0.25)_salience.stdev",2.6213408583494062,0.10574025959812898
645,"band_hum_(Q0=0.1,Q1=0.25)_salience.skew",4.2796372030671685,0.03881968127914748
646,"band_hum_(Q0=0.1,Q1=0.75)_instances",62.641167288298455,6.3571409029545874e-15
647,"band_hum_(Q0=0.1,Q1=0.75)_length.mean",70.95735267201655,1.2087254388128533e-16
648,"band_hum_(Q0=0.1,Q1=0.75)_length.stdev",0.2151871524281273,0.6428294318663927
649,"band_hum_(Q0=0.1,Q1=0.75)_length.skew",0.6258199198620038,0.4290741686207631
650,"band_hum_(Q0=0.1,Q1=0.75)_frequency.mean",61.39569731871345,1.1544966362633848e-14
651,"band_hum_(Q0=0.1,Q1=0.75)_frequency.stdev",0.15970869903653953,0.6895073860539099
652,"band_hum_(Q0=0.1,Q1=0.75)_frequency.skew",0.6053485712319628,0.43672253982810416
653,"band_hum_(Q0=0.1,Q1=0.75)_salience.mean",75.18518281416311,1.6347255183817183e-17
654,"band_hum_(Q0=0.1,Q1=0.75)_salience.stdev",0.10664204009165226,0.7440660862067641
655,"band_hum_(Q0=0.1,Q1=0.75)_salience.skew",0.016111461764777756,0.8990197419959599
656,band_discontinuity_instances,603.951055562196,2.1088824881421735e-105
657,band_discontinuity_locations.mean,386.4169523456011,2.4225109047539586e-73
658,band_discontinuity_locations.stdev,804.4449377993707,2.2890701411769775e-131
659,band_discontinuity_locations.skew,0.09090597672132195,0.7630891622958916
660,band_discontinuity_amplitudes.mean,9.985923861649527,0.001623230662193838
661,band_discontinuity_amplitudes.stdev,75.56695609885725,1.3651449342389778e-17
662,band_discontinuity_amplitudes.skew,20.98509656774138,5.192433576943495e-06
663,band_clicks_instances,8.76271186440678,0.0031446630733334567
664,band_clicks_starts.mean,8.76271186440678,0.0031446630733334567
665,band_clicks_starts.stdev,8.76271186440678,0.0031446630733334567
666,band_clicks_starts.skew,8.76271186440678,0.0031446630733334567
667,band_clicks_durations.mean,8.76271186440678,0.0031446630733334567
668,band_clicks_durations.stdev,8.76271186440678,0.0031446630733334567
669,band_clicks_durations.skew,8.76271186440678,0.0031446630733334567
